time,number
2020/3/5,418
2020/3/4,418
2020/3/3,418
2020/3/2,418
2020/3/1,418
2020/2/29,417
2020/2/28,417
2020/2/27,417
2020/2/26,417
2020/2/25,417
2020/2/24,417
2020/2/23,417
2020/2/22,417
2020/2/21,417
2020/2/20,416
2020/2/19,416
2020/2/18,416
2020/2/17,416
2020/2/16,415
2020/2/15,414
2020/2/14,406
2020/2/13,400
2020/2/12,391
2020/2/11,386
2020/2/10,375
2020/2/9,368
2020/2/8,364
2020/2/7,351
2020/2/6,334
2020/2/5,314
2020/2/4,289
2020/2/3,269
2020/2/2,226
2020/2/1,196
2020/1/31,170
2020/1/30,110
2020/1/29,86
2020/1/28,63
2020/1/27,49
2020/1/26,36
2020/1/25,27
2020/1/24,20
2020/1/23,15
2020/1/22,15
2020/1/21,14
2020/1/20,9
2020/1/19,1
